beta,mean_success_probability_F0,std_success_probability_F0,mean_selected_data_entropy_F0,std_selected_data_entropy_F0,num_repeats
0.0000pi,0.8819986979166666,0.005866152763977897,1.2400954873890055,0.0604504787260711,3
0.2500pi,0.8994140625,0.005756751036402146,1.3421331505369711,0.01888089757556271,3
0.5000pi,0.66064453125,0.00509780591255398,1.4210111346271805,0.04339554959404525,3
0.7500pi,0.35888671875,0.0016914558667664816,1.5729053607580121,0.06353722751758183,3
