comparison,mmd,wasserstein
S0_vs_S0,0.0,3.608224830031759e-17
S1_random_unitary_vs_S0,0.8826063592273052,0.7333050697887116
