beta,mean_success_probability_F0,std_success_probability_F0,mean_selected_data_entropy_F0,std_selected_data_entropy_F0,num_repeats
0.0000pi,0.88173828125,0.006647174074145875,1.375446703636751,0.03643609238185638,5
0.2500pi,0.8931640625,0.003300867926006947,1.4929151659321074,0.011450111284697254,5
0.5000pi,0.661376953125,0.01030175082316511,1.5814032025270564,0.01586224770548273,5
0.7500pi,0.35126953125,0.0060184501850563555,1.7364646532799515,0.015595421831113822,5
