run,backend,job_id,status,shots,circuits,dt,repeats,beta,mean_success_probability_F0,std_success_probability_F0,mean_selected_data_entropy_F0,std_selected_data_entropy_F0,num_repeats
2048x3,ibm_fez,d91r6pmu9n7c73an9qgg,DONE,2048,12,0.2,3,0.0000pi,0.8819986979166666,0.005866152763977897,1.2400954873890055,0.0604504787260711,3
2048x3,ibm_fez,d91r6pmu9n7c73an9qgg,DONE,2048,12,0.2,3,0.2500pi,0.8994140625,0.005756751036402146,1.3421331505369711,0.01888089757556271,3
2048x3,ibm_fez,d91r6pmu9n7c73an9qgg,DONE,2048,12,0.2,3,0.5000pi,0.66064453125,0.00509780591255398,1.4210111346271805,0.04339554959404525,3
2048x3,ibm_fez,d91r6pmu9n7c73an9qgg,DONE,2048,12,0.2,3,0.7500pi,0.35888671875,0.0016914558667664816,1.5729053607580121,0.06353722751758183,3
4096x5,ibm_fez,d91r71fccmks73d5nmg0,DONE,4096,20,0.2,5,0.0000pi,0.88173828125,0.006647174074145875,1.375446703636751,0.03643609238185638,5
4096x5,ibm_fez,d91r71fccmks73d5nmg0,DONE,4096,20,0.2,5,0.2500pi,0.8931640625,0.003300867926006947,1.4929151659321074,0.011450111284697254,5
4096x5,ibm_fez,d91r71fccmks73d5nmg0,DONE,4096,20,0.2,5,0.5000pi,0.661376953125,0.01030175082316511,1.5814032025270564,0.01586224770548273,5
4096x5,ibm_fez,d91r71fccmks73d5nmg0,DONE,4096,20,0.2,5,0.7500pi,0.35126953125,0.0060184501850563555,1.7364646532799515,0.015595421831113822,5
