matched_metric,random_unitary_layer_k,hamiltonian_time_t,random_D_MMD,hamiltonian_D_MMD,D_MMD_gap,random_W_1_minus_F,hamiltonian_W_1_minus_F,W_1_minus_F_gap,random_single_qubit_rotations,random_two_qubit_entanglers,random_control_count,hamiltonian_total_time_t,hamiltonian_fixed_terms,hamiltonian_fixed_parameters,measurement_basis
D_MMD,1,0.3333333333333333,0.8826063592273052,0.8848651158670056,0.002258756639700321,0.7333050697887116,0.4687376177688206,0.26456745201989096,6,1,6,0.3333333333333333,8,3,z
W_1_minus_F,7,3.333333333333333,0.8533451087141584,1.0422166940019404,0.18887158528778203,0.7062436439267634,0.7074631833239261,0.0012195393971626833,42,7,42,3.333333333333333,8,3,z
